{
  "supplemental": {
    "version": {
      "_unicodeVersion": "13.0.0",
      "_cldrVersion": "37"
    },
    "measurementData": {
      "measurementSystem": {
        "001": "metric",
        "GB": "UK",
        "LR": "US",
        "MM": "US",
        "US": "US"
      },
      "measurementSystem-category-temperature": {
        "BS": "US",
        "BZ": "US",
        "KY": "US",
        "LR": "metric",
        "MM": "metric",
        "PR": "US",
        "PW": "US"
      },
      "paperSize": {
        "001": "A4",
        "BZ": "US-Letter",
        "CA": "US-Letter",
        "CL": "US-Letter",
        "CO": "US-Letter",
        "CR": "US-Letter",
        "GT": "US-Letter",
        "MX": "US-Letter",
        "NI": "US-Letter",
        "PA": "US-Letter",
        "PH": "US-Letter",
        "PR": "US-Letter",
        "SV": "US-Letter",
        "US": "US-Letter",
        "VE": "US-Letter"
      }
    }
  }
}
