{
  "supplemental": {
    "version": {
      "_unicodeVersion": "13.0.0",
      "_cldrVersion": "37"
    },
    "territoryContainment": {
      "001": {
        "_contains": [
          "019",
          "002",
          "150",
          "142",
          "009"
        ]
      },
      "001-status-deprecated": {
        "_contains": [
          "QU"
        ]
      },
      "001-status-grouping": {
        "_contains": [
          "EU",
          "EZ",
          "UN"
        ]
      },
      "002": {
        "_contains": [
          "015",
          "011",
          "017",
          "014",
          "018"
        ]
      },
      "002-status-grouping": {
        "_contains": [
          "202"
        ]
      },
      "003": {
        "_contains": [
          "021",
          "013",
          "029"
        ],
        "_grouping": "true"
      },
      "005": {
        "_contains": [
          "AR",
          "BO",
          "BR",
          "BV",
          "CL",
          "CO",
          "EC",
          "FK",
          "GF",
          "GS",
          "GY",
          "PE",
          "PY",
          "SR",
          "UY",
          "VE"
        ]
      },
      "009": {
        "_contains": [
          "053",
          "054",
          "057",
          "061",
          "QO"
        ]
      },
      "011": {
        "_contains": [
          "BF",
          "BJ",
          "CI",
          "CV",
          "GH",
          "GM",
          "GN",
          "GW",
          "LR",
          "ML",
          "MR",
          "NE",
          "NG",
          "SH",
          "SL",
          "SN",
          "TG"
        ]
      },
      "013": {
        "_contains": [
          "BZ",
          "CR",
          "GT",
          "HN",
          "MX",
          "NI",
          "PA",
          "SV"
        ]
      },
      "014": {
        "_contains": [
          "BI",
          "DJ",
          "ER",
          "ET",
          "IO",
          "KE",
          "KM",
          "MG",
          "MU",
          "MW",
          "MZ",
          "RE",
          "RW",
          "SC",
          "SO",
          "SS",
          "TF",
          "TZ",
          "UG",
          "YT",
          "ZM",
          "ZW"
        ]
      },
      "015": {
        "_contains": [
          "DZ",
          "EG",
          "EH",
          "LY",
          "MA",
          "SD",
          "TN",
          "EA",
          "IC"
        ]
      },
      "017": {
        "_contains": [
          "AO",
          "CD",
          "CF",
          "CG",
          "CM",
          "GA",
          "GQ",
          "ST",
          "TD"
        ]
      },
      "017-status-deprecated": {
        "_contains": [
          "ZR"
        ]
      },
      "018": {
        "_contains": [
          "BW",
          "LS",
          "NA",
          "SZ",
          "ZA"
        ]
      },
      "019": {
        "_contains": [
          "021",
          "013",
          "029",
          "005"
        ]
      },
      "019-status-grouping": {
        "_contains": [
          "003",
          "419"
        ]
      },
      "021": {
        "_contains": [
          "BM",
          "CA",
          "GL",
          "PM",
          "US"
        ]
      },
      "029": {
        "_contains": [
          "AG",
          "AI",
          "AW",
          "BB",
          "BL",
          "BQ",
          "BS",
          "CU",
          "CW",
          "DM",
          "DO",
          "GD",
          "GP",
          "HT",
          "JM",
          "KN",
          "KY",
          "LC",
          "MF",
          "MQ",
          "MS",
          "PR",
          "SX",
          "TC",
          "TT",
          "VC",
          "VG",
          "VI"
        ]
      },
      "029-status-deprecated": {
        "_contains": [
          "AN"
        ]
      },
      "030": {
        "_contains": [
          "CN",
          "HK",
          "JP",
          "KP",
          "KR",
          "MN",
          "MO",
          "TW"
        ]
      },
      "034": {
        "_contains": [
          "AF",
          "BD",
          "BT",
          "IN",
          "IR",
          "LK",
          "MV",
          "NP",
          "PK"
        ]
      },
      "035": {
        "_contains": [
          "BN",
          "ID",
          "KH",
          "LA",
          "MM",
          "MY",
          "PH",
          "SG",
          "TH",
          "TL",
          "VN"
        ]
      },
      "035-status-deprecated": {
        "_contains": [
          "BU",
          "TP"
        ]
      },
      "039": {
        "_contains": [
          "AD",
          "AL",
          "BA",
          "ES",
          "GI",
          "GR",
          "HR",
          "IT",
          "ME",
          "MK",
          "MT",
          "RS",
          "PT",
          "SI",
          "SM",
          "VA",
          "XK"
        ]
      },
      "039-status-deprecated": {
        "_contains": [
          "CS",
          "YU"
        ]
      },
      "053": {
        "_contains": [
          "AU",
          "CC",
          "CX",
          "HM",
          "NF",
          "NZ"
        ]
      },
      "054": {
        "_contains": [
          "FJ",
          "NC",
          "PG",
          "SB",
          "VU"
        ]
      },
      "057": {
        "_contains": [
          "FM",
          "GU",
          "KI",
          "MH",
          "MP",
          "NR",
          "PW",
          "UM"
        ]
      },
      "061": {
        "_contains": [
          "AS",
          "CK",
          "NU",
          "PF",
          "PN",
          "TK",
          "TO",
          "TV",
          "WF",
          "WS"
        ]
      },
      "142": {
        "_contains": [
          "145",
          "143",
          "030",
          "034",
          "035"
        ]
      },
      "143": {
        "_contains": [
          "TM",
          "TJ",
          "KG",
          "KZ",
          "UZ"
        ]
      },
      "145": {
        "_contains": [
          "AE",
          "AM",
          "AZ",
          "BH",
          "CY",
          "GE",
          "IL",
          "IQ",
          "JO",
          "KW",
          "LB",
          "OM",
          "PS",
          "QA",
          "SA",
          "SY",
          "TR",
          "YE"
        ]
      },
      "145-status-deprecated": {
        "_contains": [
          "NT",
          "YD"
        ]
      },
      "150": {
        "_contains": [
          "154",
          "155",
          "151",
          "039"
        ]
      },
      "151": {
        "_contains": [
          "BG",
          "BY",
          "CZ",
          "HU",
          "MD",
          "PL",
          "RO",
          "RU",
          "SK",
          "UA"
        ]
      },
      "151-status-deprecated": {
        "_contains": [
          "SU"
        ]
      },
      "154": {
        "_contains": [
          "GG",
          "IM",
          "JE",
          "AX",
          "DK",
          "EE",
          "FI",
          "FO",
          "GB",
          "IE",
          "IS",
          "LT",
          "LV",
          "NO",
          "SE",
          "SJ"
        ]
      },
      "155": {
        "_contains": [
          "AT",
          "BE",
          "CH",
          "DE",
          "FR",
          "LI",
          "LU",
          "MC",
          "NL"
        ]
      },
      "155-status-deprecated": {
        "_contains": [
          "DD",
          "FX"
        ]
      },
      "202": {
        "_contains": [
          "011",
          "017",
          "014",
          "018"
        ],
        "_grouping": "true"
      },
      "419": {
        "_contains": [
          "013",
          "029",
          "005"
        ],
        "_grouping": "true"
      },
      "EU": {
        "_contains": [
          "AT",
          "BE",
          "CY",
          "CZ",
          "DE",
          "DK",
          "EE",
          "ES",
          "FI",
          "FR",
          "GR",
          "HR",
          "HU",
          "IE",
          "IT",
          "LT",
          "LU",
          "LV",
          "MT",
          "NL",
          "PL",
          "PT",
          "SE",
          "SI",
          "SK",
          "BG",
          "RO"
        ],
        "_grouping": "true"
      },
      "EZ": {
        "_contains": [
          "AT",
          "BE",
          "CY",
          "DE",
          "EE",
          "ES",
          "FI",
          "FR",
          "GR",
          "IE",
          "IT",
          "LT",
          "LU",
          "LV",
          "MT",
          "NL",
          "PT",
          "SI",
          "SK"
        ],
        "_grouping": "true"
      },
      "QO": {
        "_contains": [
          "AQ",
          "AC",
          "CP",
          "DG",
          "TA"
        ]
      },
      "UN": {
        "_contains": [
          "AD",
          "AE",
          "AF",
          "AG",
          "AL",
          "AM",
          "AO",
          "AR",
          "AT",
          "AU",
          "AZ",
          "BA",
          "BB",
          "BD",
          "BE",
          "BF",
          "BG",
          "BH",
          "BI",
          "BJ",
          "BN",
          "BO",
          "BR",
          "BS",
          "BT",
          "BW",
          "BY",
          "BZ",
          "CA",
          "CD",
          "CF",
          "CG",
          "CH",
          "CI",
          "CL",
          "CM",
          "CN",
          "CO",
          "CR",
          "CU",
          "CV",
          "CY",
          "CZ",
          "DE",
          "DJ",
          "DK",
          "DM",
          "DO",
          "DZ",
          "EC",
          "EE",
          "EG",
          "ER",
          "ES",
          "ET",
          "FI",
          "FJ",
          "FM",
          "FR",
          "GA",
          "GB",
          "GD",
          "GE",
          "GH",
          "GM",
          "GN",
          "GQ",
          "GR",
          "GT",
          "GW",
          "GY",
          "HN",
          "HR",
          "HT",
          "HU",
          "ID",
          "IE",
          "IL",
          "IN",
          "IQ",
          "IR",
          "IS",
          "IT",
          "JM",
          "JO",
          "JP",
          "KE",
          "KG",
          "KH",
          "KI",
          "KM",
          "KN",
          "KP",
          "KR",
          "KW",
          "KZ",
          "LA",
          "LB",
          "LC",
          "LI",
          "LK",
          "LR",
          "LS",
          "LT",
          "LU",
          "LV",
          "LY",
          "MA",
          "MC",
          "MD",
          "ME",
          "MG",
          "MH",
          "MK",
          "ML",
          "MM",
          "MN",
          "MR",
          "MT",
          "MU",
          "MV",
          "MX",
          "MW",
          "MY",
          "MZ",
          "NA",
          "NE",
          "NG",
          "NI",
          "NL",
          "NO",
          "NR",
          "NP",
          "NZ",
          "OM",
          "PA",
          "PE",
          "PG",
          "PH",
          "PK",
          "PL",
          "PT",
          "PW",
          "PY",
          "QA",
          "RO",
          "RS",
          "RU",
          "RW",
          "SA",
          "SB",
          "SC",
          "SD",
          "SE",
          "SG",
          "SI",
          "SK",
          "SL",
          "SM",
          "SN",
          "SO",
          "SR",
          "SS",
          "ST",
          "SV",
          "SY",
          "SZ",
          "TD",
          "TG",
          "TH",
          "TJ",
          "TL",
          "TM",
          "TN",
          "TO",
          "TR",
          "TT",
          "TV",
          "TZ",
          "UA",
          "UG",
          "US",
          "UY",
          "UZ",
          "VC",
          "VE",
          "VN",
          "VU",
          "WS",
          "YE",
          "ZA",
          "ZM",
          "ZW"
        ],
        "_grouping": "true"
      }
    }
  }
}
